associatedsequences,barcodeValue,basisOfRecord,bed,canonicalName,catalogNumber,class,collectionCode,collectionID,collectionName,recordedBy,vernacularName,commonnames,continent,coordinateUncertaintyInMeters,country,isoCountryCode,county,datasetID,eventDate,dateModified,dataQualityScore,earliestAgeOrLowestStage,earliestEonOrLowestEonothem,earliestEpochOrLowestSeries,earliestEraOrLowestErathem,earliestPeriodOrLowestSystem,etag,family,fieldNumber,flags,formation,genus,geologicalContextID,geoPoint,group,hasImage,hasMedia,higherClassification,highestBiostratigraphicZone,individualCount,infraspecificEpithet,institutionCode,institutionID,institutionName,kingdom,latestAgeOrHighestStage,latestEonOrHighestEonothem,latestEpochOrHighestSeries,latestEraOrHighestErathem,latestPeriodOrHighestSystem,lithostratigraphicTerms,locality,lowestBiostratigraphicZone,maximumDepthInMeters,maximumElevationInMeters,mediarecords,member,minimumDepthInMeters,minimumElevationInMeters,municipality,occurrenceID,order,phylum,recordIds,recordNumber,recordset,scientificName,specificEpithet,startDayOfYear,stateProvince,taxonID,taxonomicStatus,taxonRank,typeStatus,uuid,verbatimEventDate,verbatimLocality,version,waterBody,species_name,x,y
,,PRESERVED_SPECIMEN,,,SBBG230017,Magnoliopsida,,3818e0aa-b6a4-11e8-b408-001a64db2964,,"R. Burgess; P. Munro, T. Austin",,,,1500.0,,,Ventura,,1998-06-06T00:00:00,,,,,,,,,Saxifragaceae,,,,Heuchera,,,,,,Organism|Plantae|Viridiplantae|Streptophyta|Embryophyta|Tracheophyta|Spermatophytina|Magnoliopsida|Myrothamnanae|Saxifragales|Saxifragaceae|Heuchera,,,,SBBG,,,Plantae,,,,,,,"Los Padres National Forest: Bear Heaven, vicinity of Bluff Camp",,,,,,,,,99453417-3aae-44d2-b8d8-e87afb78f82f,Saxifragales,Tracheophyta,,2945,,Heuchera caespitosa Eastw.,caespitosa,157,California,22954,ACCEPTED,SPECIES,,,"Jun 6, 1998",,,,Heuchera caespitosa eastw.,-119.0045,34.4664
,,PRESERVED_SPECIMEN,,,,Magnoliopsida,,a70436a2-dfaa-482e-88e0-5193a66b0bfc,,Martha Hilend,,,,200.0,,,Riverside,,1928-08-07T00:00:00,,,,,,,,,Saxifragaceae,,,,Heuchera,,,,,,Organism|Plantae|Viridiplantae|Streptophyta|Embryophyta|Tracheophyta|Spermatophytina|Magnoliopsida|Myrothamnanae|Saxifragales|Saxifragaceae|Heuchera,,,,LA,,,Plantae,,,,,,,San Jacinto Mountains; San Jacinto Peak; Summit,,,,,,,,,2be9a7f8-47f8-4057-a731-cdfff837ed5c,Saxifragales,Tracheophyta,,,,Heuchera caespitosa Eastw.,caespitosa,220,California,22954,ACCEPTED,SPECIES,,,7 August 1928,,,,Heuchera caespitosa eastw.,-116.6796,33.8147
,,PRESERVED_SPECIMEN,,,,Magnoliopsida,,a70436a2-dfaa-482e-88e0-5193a66b0bfc,,Don P. Mullally,,,,800.0,,,Los Angeles,,,,,,,,,,,Saxifragaceae,,,,Heuchera,,,,,,Organism|Plantae|Viridiplantae|Streptophyta|Embryophyta|Tracheophyta|Spermatophytina|Magnoliopsida|Myrothamnanae|Saxifragales|Saxifragaceae|Heuchera,,,,LA,,,Plantae,,,,,,,San Gabriel Mountains; N side of Mt. Waterman by ski lift,,,,,,,,,7e85cdd8-3396-4d2a-808a-f470b11e9018,Saxifragales,Tracheophyta,,s.n.,,Heuchera caespitosa Eastw.,caespitosa,,California,22954,ACCEPTED,SPECIES,,,June 1950,,,,Heuchera caespitosa eastw.,-117.937008,34.338624
,,PRESERVED_SPECIMEN,,,,Magnoliopsida,,a70436a2-dfaa-482e-88e0-5193a66b0bfc,,Martha Hilend,,,,200.0,,,Riverside,,1928-08-07T00:00:00,,,,,,,,,Saxifragaceae,,,,Heuchera,,,,,,Organism|Plantae|Viridiplantae|Streptophyta|Embryophyta|Tracheophyta|Spermatophytina|Magnoliopsida|Myrothamnanae|Saxifragales|Saxifragaceae|Heuchera,,,,LA,,,Plantae,,,,,,,San Jacinto Mountains; San Jacinto Peak; Summit,,,,,,,,,baa6694e-910a-406d-8733-d7ee4952993e,Saxifragales,Tracheophyta,,,,Heuchera caespitosa Eastw.,caespitosa,220,California,22954,ACCEPTED,SPECIES,,,7 August 1928,,,,Heuchera caespitosa eastw.,-116.6796,33.8147
,,PRESERVED_SPECIMEN,,,SBBG229565,Magnoliopsida,,3818e0aa-b6a4-11e8-b408-001a64db2964,,R. Burgess; P. Munro,,,,600.0,,,Ventura,,2003-06-08T00:00:00,,,,,,,,,Saxifragaceae,,,,Heuchera,,,,,,Organism|Plantae|Viridiplantae|Streptophyta|Embryophyta|Tracheophyta|Spermatophytina|Magnoliopsida|Myrothamnanae|Saxifragales|Saxifragaceae|Heuchera,,,,SBBG,,,Plantae,,,,,,,"Upper Sespe Drainage, riparian area along Ladybug Canyon, southwest of Chorro Grande Trail",,,,,,,,,c5dbc4b6-f734-4e8c-b8f8-530207b339b0,Saxifragales,Tracheophyta,,5891,,Heuchera cespitosa Eastw.,cespitosa,159,California,22957,SYNONYM,SPECIES,,,"Jun 8, 2003",,,,Heuchera caespitosa eastw.,-119.3328,34.5912
,,PRESERVED_SPECIMEN,,,,Magnoliopsida,,3818ca8b-b6a4-11e8-b408-001a64db2964,,G.L. Clifton,,,,,,,Kern,,1986-06-07T00:00:00,,,,,,,,,Saxifragaceae,,,,Heuchera,,,,,,Organism|Plantae|Viridiplantae|Streptophyta|Embryophyta|Tracheophyta|Spermatophytina|Magnoliopsida|Myrothamnanae|Saxifragales|Saxifragaceae|Heuchera,,,,PUA,,,Plantae,,,,,,,Local landmark: Piute Peak. Emerald Mountain Quad.,,,,,,,,,62557197-2654-44f4-beb4-f35149f96c25,Saxifragales,Tracheophyta,,,,Heuchera caespitosa Eastw.,caespitosa,158,California,22954,ACCEPTED,SPECIES,,,6/7/1986,,,,Heuchera caespitosa eastw.,-118.389861,35.478056
,,PRESERVED_SPECIMEN,,,,Magnoliopsida,,0945030a-f625-4b95-9f48-e5cb7d6eb879,,"Rimo Bacigalupi; G.T. Robbins, L.R. Heckard",,,,,,,Los Angeles,,1953-06-15T00:00:00,,,,,,,,,Saxifragaceae,,,,Heuchera,,,,,,Organism|Plantae|Viridiplantae|Streptophyta|Embryophyta|Tracheophyta|Spermatophytina|Magnoliopsida|Myrothamnanae|Saxifragales|Saxifragaceae|Heuchera,,,,SD,,,Plantae,,,,,,,"Road following crest of Mendenhall Ridge, 9 miles east of its start; between Little Tujunga and Pacoima Canyons, Angeles National Forest, San Gabriel Mountains",,,,,,,,,62928FD6-8064-47BF-B2AA-40CC811FADBD,Saxifragales,Tracheophyta,,4200,,Heuchera caespitosa Eastw.,caespitosa,166,California,22954,ACCEPTED,SPECIES,,,6/15/1953,,,,Heuchera caespitosa eastw.,-118.25724,34.35068
,,PRESERVED_SPECIMEN,,,,Magnoliopsida,,0945030a-f625-4b95-9f48-e5cb7d6eb879,,W. Bertsch,,,,,,,Kern,,1953-05-17T00:00:00,,,,,,,,,Saxifragaceae,,,,Heuchera,,,,,,Organism|Plantae|Viridiplantae|Streptophyta|Embryophyta|Tracheophyta|Spermatophytina|Magnoliopsida|Myrothamnanae|Saxifragales|Saxifragaceae|Heuchera,,,,SD,,,Plantae,,,,,,,Bakersfield to Tiger Flat,,,,,,,,,95DCFA13-6563-46C3-A495-A21917952F41,Saxifragales,Tracheophyta,,143,,Heuchera caespitosa Eastw.,caespitosa,137,California,22954,ACCEPTED,SPECIES,,,5/17/1953,,,,Heuchera caespitosa eastw.,-118.69419,35.54489
,,PRESERVED_SPECIMEN,,,SBBG217925,Magnoliopsida,,3818e0aa-b6a4-11e8-b408-001a64db2964,,R. Burgess; P. Munro,,,,300.0,,,Ventura,,2003-06-20T00:00:00,,,,,,,,,Saxifragaceae,,,,Heuchera,,,,,,Organism|Plantae|Viridiplantae|Streptophyta|Embryophyta|Tracheophyta|Spermatophytina|Magnoliopsida|Myrothamnanae|Saxifragales|Saxifragaceae|Heuchera,,,,SBBG,,,Plantae,,,,,,,"Rose Valley Falls, base of Upper Falls",,,,,,,,,508ca213-4275-40ce-bca4-98b027be7557,Saxifragales,Tracheophyta,,5933,,Heuchera cespitosa Eastw.,cespitosa,171,California,22957,SYNONYM,SPECIES,,,,,,,Heuchera caespitosa eastw.,-119.1798,34.5264
,,PRESERVED_SPECIMEN,,,120582,Magnoliopsida,,3818e0aa-b6a4-11e8-b408-001a64db2964,,R. Burgess; P. Munro,,,,1000.0,,,Ventura,,2000-06-17T00:00:00,,,,,,,,,Saxifragaceae,,,,Heuchera,,,,,,Organism|Plantae|Viridiplantae|Streptophyta|Embryophyta|Tracheophyta|Spermatophytina|Magnoliopsida|Myrothamnanae|Saxifragales|Saxifragaceae|Heuchera,,,,SBBG,,,Plantae,,,,,,,N side of Cobblestone Mtn,,,,,,,,,dd05f7a3-9170-4f54-b7d7-5a15cd7edf82,Saxifragales,Tracheophyta,,3913,,Heuchera caespitosa Eastw.,caespitosa,169,California,22954,ACCEPTED,SPECIES,,,2000-6-17,,,,Heuchera caespitosa eastw.,-118.86799999999998,34.60899999911762
,,PRESERVED_SPECIMEN,,,125063,Magnoliopsida,,3818e0aa-b6a4-11e8-b408-001a64db2964,,"Anuja Parikh, N. Gale",,,,200.0,,,Los Angeles,,2010-06-29T00:00:00,,,,,,,,,Saxifragaceae,,,,Heuchera,,,,,,Organism|Plantae|Viridiplantae|Streptophyta|Embryophyta|Tracheophyta|Spermatophytina|Magnoliopsida|Myrothamnanae|Saxifragales|Saxifragaceae|Heuchera,,,,SBBG,,,Plantae,,,,,,,"Upper Glen Cyn, 0.5 km N of Monrovia Peak, just S of Rincon Red Box Rd",,,,,,,,,d99bf984-ce29-4da4-b497-1f78ca91f79b,Saxifragales,Tracheophyta,,3370,,Heuchera caespitosa Eastw.,caespitosa,180,California,22954,ACCEPTED,SPECIES,,,2010-6-29,,,,Heuchera caespitosa eastw.,-117.96963548941521,34.21776366251306
,,PRESERVED_SPECIMEN,,,120476,Magnoliopsida,,3818e0aa-b6a4-11e8-b408-001a64db2964,,R. Burgess; P. Munro,,,,1000.0,,,Ventura,,1996-07-26T00:00:00,,,,,,,,,Saxifragaceae,,,,Heuchera,,,,,,Organism|Plantae|Viridiplantae|Streptophyta|Embryophyta|Tracheophyta|Spermatophytina|Magnoliopsida|Myrothamnanae|Saxifragales|Saxifragaceae|Heuchera,,,,SBBG,,,Plantae,,,,,,,"Rose Valley Falls, base of upper Falls",,,,,,,,,eac93a8a-36a1-427e-9246-59c1379833fd,Saxifragales,Tracheophyta,,2100,,Heuchera caespitosa Eastw.,caespitosa,208,California,22954,ACCEPTED,SPECIES,,,1996-7-26,,,,Heuchera caespitosa eastw.,-119.17999999999999,34.526999999118566
,,PRESERVED_SPECIMEN,,,120477,Magnoliopsida,,3818e0aa-b6a4-11e8-b408-001a64db2964,,R. Burgess; P. Munro,,,,1000.0,,,Ventura,,1994-06-17T00:00:00,,,,,,,,,Saxifragaceae,,,,Heuchera,,,,,,Organism|Plantae|Viridiplantae|Streptophyta|Embryophyta|Tracheophyta|Spermatophytina|Magnoliopsida|Myrothamnanae|Saxifragales|Saxifragaceae|Heuchera,,,,SBBG,,,Plantae,,,,,,,"Santa Ynez Mtns: Ocean View Trail, near jct with Murrietta Divide Trail",,,,,,,,,e4a17d69-4ffa-4698-a30a-8d7208199e0a,Saxifragales,Tracheophyta,,1356,,Heuchera caespitosa Eastw.,caespitosa,168,California,22954,ACCEPTED,SPECIES,,,1994-6-17,,,,Heuchera caespitosa eastw.,-119.41700000000003,34.477999999119156
,,PRESERVED_SPECIMEN,,,140775,Magnoliopsida,,3818e0aa-b6a4-11e8-b408-001a64db2964,,R. Burgess; P. Munro,,,,200.0,,,Ventura,,2017-06-04T00:00:00,,,,,,,,,Saxifragaceae,,,,Heuchera,,,,,,Organism|Plantae|Viridiplantae|Streptophyta|Embryophyta|Tracheophyta|Spermatophytina|Magnoliopsida|Myrothamnanae|Saxifragales|Saxifragaceae|Heuchera,,,,SBBG,,,Plantae,,,,,,,"Rose Valley, Rose Valley Falls, Los Padres National Forest.",,,,,,,,,c033b67c-069c-47cc-995a-d842cd695bae,Saxifragales,Tracheophyta,,10594,,Heuchera caespitosa Eastw.,caespitosa,155,California,22954,ACCEPTED,SPECIES,,,"Jun 4, 2017",,,,Heuchera caespitosa eastw.,-119.17975,34.526099999118586
,,PRESERVED_SPECIMEN,,,84007,Magnoliopsida,,3818e0aa-b6a4-11e8-b408-001a64db2964,,E. R. Blakley,,,,1000.0,,,Ventura,,1987-05-24T00:00:00,,,,,,,,,Saxifragaceae,,,,Heuchera,,,,,,Organism|Plantae|Viridiplantae|Streptophyta|Embryophyta|Tracheophyta|Spermatophytina|Magnoliopsida|Myrothamnanae|Saxifragales|Saxifragaceae|Heuchera,,,,SBBG,,,Plantae,,,,,,,"Cedar Crk Ridge, W of head of Cedar Crk",,,,,,,,,ad6f6581-7224-4f66-8a66-8bcfd1663362,Saxifragales,Tracheophyta,,7377,,Heuchera caespitosa Eastw.,caespitosa,144,California,22954,ACCEPTED,SPECIES,,,1987-5-24,,,,Heuchera caespitosa eastw.,-119.1616669449791,34.622944060985816
,,PRESERVED_SPECIMEN,,,18038,Magnoliopsida,,3818e0aa-b6a4-11e8-b408-001a64db2964,,Clare B. Hardham,,,,1000.0,,,Ventura,,1962-06-16T00:00:00,,,,,,,,,Saxifragaceae,,,,Heuchera,,,,,,Organism|Plantae|Viridiplantae|Streptophyta|Embryophyta|Tracheophyta|Spermatophytina|Magnoliopsida|Myrothamnanae|Saxifragales|Saxifragaceae|Heuchera,,,,SBBG,,,Plantae,,,,,,,"near waterfalls, Rose Lake",,,,,,,,,533d82f7-85f2-44f0-80a2-a00a5e668769,Saxifragales,Tracheophyta,,10333,,Heuchera caespitosa Eastw.,caespitosa,167,California,22954,ACCEPTED,SPECIES,,,1962-6-16,,,,Heuchera caespitosa eastw.,-119.1799,34.526
,,PRESERVED_SPECIMEN,,,109236,Magnoliopsida,,3818e0aa-b6a4-11e8-b408-001a64db2964,,Clare B. Hardham,,,,800.0,,,Los Angeles,,1965-06-15T00:00:00,,,,,,,,,Saxifragaceae,,,,Heuchera,,,,,,Organism|Plantae|Viridiplantae|Streptophyta|Embryophyta|Tracheophyta|Spermatophytina|Magnoliopsida|Myrothamnanae|Saxifragales|Saxifragaceae|Heuchera,,,,SBBG,,,Plantae,,,,,,,near Vincent Gulch divide,,,,,,,,,48b9c274-bd3c-4ad3-86d9-41aa633fbda0,Saxifragales,Tracheophyta,,12953,,Heuchera caespitosa Eastw.,caespitosa,166,California,22954,ACCEPTED,SPECIES,,,1965-6-15,,,,Heuchera caespitosa eastw.,-117.750503,34.373337
,,PRESERVED_SPECIMEN,,,16592,Magnoliopsida,,3818e0aa-b6a4-11e8-b408-001a64db2964,,E. R. Blakley,,,,1000.0,,,Santa Barbara,,1963-06-28T00:00:00,,,,,,,,,Saxifragaceae,,,,Heuchera,,,,,,Organism|Plantae|Viridiplantae|Streptophyta|Embryophyta|Tracheophyta|Spermatophytina|Magnoliopsida|Myrothamnanae|Saxifragales|Saxifragaceae|Heuchera,,,,SBBG,,,Plantae,,,,,,,Los Padres National Forest; Madulce Lookout Trail from Big Pine Rd,,,,,,,,,15e6f783-3ee6-41bb-bea0-41510ef0e99b,Saxifragales,Tracheophyta,,6057,,Heuchera caespitosa Eastw.,caespitosa,179,California,22954,ACCEPTED,SPECIES,,,1963-6-28,,,,Heuchera caespitosa eastw.,-119.595,34.699999999116564
,,PRESERVED_SPECIMEN,,,120581,Magnoliopsida,,3818e0aa-b6a4-11e8-b408-001a64db2964,,R. Burgess; P. Munro,,,,750.0,,,Ventura,,1999-05-29T00:00:00,,,,,,,,,Saxifragaceae,,,,Heuchera,,,,,,Organism|Plantae|Viridiplantae|Streptophyta|Embryophyta|Tracheophyta|Spermatophytina|Magnoliopsida|Myrothamnanae|Saxifragales|Saxifragaceae|Heuchera,,,,SBBG,,,Plantae,,,,,,,"N side of White Mtn, upper Cobblestone Trail,",,,,,,,,,d8890816-54b3-4375-b9c6-8f51c6aacdd8,Saxifragales,Tracheophyta,,3350,,Heuchera caespitosa Eastw.,caespitosa,149,California,22954,ACCEPTED,SPECIES,,,1999-5-29,,,,Heuchera caespitosa eastw.,-118.87850000000002,34.62699999911741
,,PRESERVED_SPECIMEN,,,126040,Magnoliopsida,,3818e0aa-b6a4-11e8-b408-001a64db2964,,O. Mistretta w/ C. Mistretta,,,,200.0,,,Los Angeles,,2008-05-20T00:00:00,,,,,,,,,Saxifragaceae,,,,Heuchera,,,,,,Organism|Plantae|Viridiplantae|Streptophyta|Embryophyta|Tracheophyta|Spermatophytina|Magnoliopsida|Myrothamnanae|Saxifragales|Saxifragaceae|Heuchera,,,,SBBG,,,Plantae,,,,,,,"Rincon Red Box Rd W fork of the San Gabriel River, N slope of Monrovia Pk; San Gabriel Mtns",,,,,,,,,daea4754-f083-4585-80ac-fd0b05cb29eb,Saxifragales,Tracheophyta,,3136,,Heuchera caespitosa Eastw.,caespitosa,141,California,22954,ACCEPTED,SPECIES,,,2008-5-20,,,,Heuchera caespitosa eastw.,-118.18515,34.26535
,,PRESERVED_SPECIMEN,,,70489,Magnoliopsida,,3818e0aa-b6a4-11e8-b408-001a64db2964,,R. Hartwell,,,,1000.0,,,Ventura,,1938-05-15T00:00:00,,,,,,,,,Saxifragaceae,,,,Heuchera,,,,,,Organism|Plantae|Viridiplantae|Streptophyta|Embryophyta|Tracheophyta|Spermatophytina|Magnoliopsida|Myrothamnanae|Saxifragales|Saxifragaceae|Heuchera,,,,SBBG,,,Plantae,,,,,,,Rose Valley Falls,,,,,,,,,ac5cc8e7-b9ec-48b4-acd3-c521938f58b4,Saxifragales,Tracheophyta,,,,Heuchera caespitosa Eastw.,caespitosa,135,California,22954,ACCEPTED,SPECIES,,,1938-5-15,,,,Heuchera caespitosa eastw.,-119.1807,34.53019999911854
,,PRESERVED_SPECIMEN,,,SBBG196110,Magnoliopsida,,3818e0aa-b6a4-11e8-b408-001a64db2964,,R. Burgess; P. Munro,,,,1000.0,,,Ventura,,1996-07-26T00:00:00,,,,,,,,,Saxifragaceae,,,,Heuchera,,,,,,Organism|Plantae|Viridiplantae|Streptophyta|Embryophyta|Tracheophyta|Spermatophytina|Magnoliopsida|Myrothamnanae|Saxifragales|Saxifragaceae|Heuchera,,,,SBBG,,,Plantae,,,,,,,"Rose Valley Falls, base of upper Falls",,,,,,,,,9aef55b5-78c0-4da5-8fa9-7062b3de5498,Saxifragales,Tracheophyta,,2101,,Heuchera caespitosa Eastw.,caespitosa,208,California,22954,ACCEPTED,SPECIES,,,1996-7-26,,,,Heuchera caespitosa eastw.,-119.17999999999999,34.526999999118566
,,PRESERVED_SPECIMEN,,,81149,Magnoliopsida,,3818e0aa-b6a4-11e8-b408-001a64db2964,,Dick Smith,,,,5000.0,,,Santa Barbara,,1971-07-15T00:00:00,,,,,,,,,Saxifragaceae,,,,Heuchera,,,,,,Organism|Plantae|Viridiplantae|Streptophyta|Embryophyta|Tracheophyta|Spermatophytina|Magnoliopsida|Myrothamnanae|Saxifragales|Saxifragaceae|Heuchera,,,,SBBG,,,Plantae,,,,,,,San Rafael Mtns: upper Sisquoc River,,,,,,,,,9cb47756-816a-471d-be13-40dc04b518ea,Saxifragales,Tracheophyta,,,,Heuchera caespitosa Eastw.,caespitosa,196,California,22954,ACCEPTED,SPECIES,,,1971-7-15,,,,Heuchera caespitosa eastw.,-119.65760000000002,34.723699999116285
,,PRESERVED_SPECIMEN,,,2700,Magnoliopsida,,3818e0aa-b6a4-11e8-b408-001a64db2964,,M. Van Rensselaer,,,,1000.0,,,Ventura,,1938-05-15T00:00:00,,,,,,,,,Saxifragaceae,,,,Heuchera,,,,,,Organism|Plantae|Viridiplantae|Streptophyta|Embryophyta|Tracheophyta|Spermatophytina|Magnoliopsida|Myrothamnanae|Saxifragales|Saxifragaceae|Heuchera,,,,SBBG,,,Plantae,,,,,,,Rose Canyon [Valley],,,,,,,,,6b7b5dad-2c69-41ac-a8b5-0438f603ee1d,Saxifragales,Tracheophyta,,,,Heuchera caespitosa Eastw.,caespitosa,135,California,22954,ACCEPTED,SPECIES,,,1938-5-15,,,,Heuchera caespitosa eastw.,-119.1836,34.5359
,,PRESERVED_SPECIMEN,,,107977,Magnoliopsida,,3818e0aa-b6a4-11e8-b408-001a64db2964,,Clare B. Hardham,,,,1000.0,,,Ventura,,1960-06-11T00:00:00,,,,,,,,,Saxifragaceae,,,,Heuchera,,,,,,Organism|Plantae|Viridiplantae|Streptophyta|Embryophyta|Tracheophyta|Spermatophytina|Magnoliopsida|Myrothamnanae|Saxifragales|Saxifragaceae|Heuchera,,,,SBBG,,,Plantae,,,,,,,Rose Falls,,,,,,,,,13da2f54-bdfc-4385-8a00-a79d18c50343,Saxifragales,Tracheophyta,,6108,,Heuchera caespitosa Eastw.,caespitosa,163,California,22954,ACCEPTED,SPECIES,,,1960-6-11,,,,Heuchera caespitosa eastw.,-119.1799,34.526
,,PRESERVED_SPECIMEN,,,UCR0112574,Magnoliopsida,,3818c5b4-b6a4-11e8-b408-001a64db2964,,Dave Goodward,,,,,,,San Bernardino,,2019-06-23T00:00:00,,,,,,,,,Saxifragaceae,,,,Heuchera,,,,,,Organism|Plantae|Viridiplantae|Streptophyta|Embryophyta|Tracheophyta|Spermatophytina|Magnoliopsida|Myrothamnanae|Saxifragales|Saxifragaceae|Heuchera,,,,UCR,,,Plantae,,,,,,,"Powell Canyon, trail west of FSR 2N49",,,,,,,,,UCR-BPS-292354,Saxifragales,Tracheophyta,,s.n.,,Heuchera caespitosa Eastw.,caespitosa,174,California,22954,ACCEPTED,SPECIES,,,2019-6-23,,,,Heuchera caespitosa eastw.,-117.40667,34.27083
,,HUMAN_OBSERVATION,,,13076831,Magnoliopsida,Observations,,,Amy Jaecker-Jones,,,,28846.0,,,,,2018-06-02T12:19:58,,,,,,,,,Saxifragaceae,,,,Heuchera,,,,,,,,,,iNaturalist,,,Plantae,,,,,,,,,,,,,,,,https://www.inaturalist.org/observations/13076831,Saxifragales,Tracheophyta,,,,Heuchera caespitosa Eastw.,caespitosa,,California,77402,ACCEPTED,SPECIES,,,Sat Jun 02 2018 12:19:58 GMT-0700 (PDT),"Los Angeles County, US-CA, US",,,Heuchera caespitosa eastw.,-118.086817,34.243713
,,HUMAN_OBSERVATION,,,29363124,Magnoliopsida,Observations,,,elhammes,,,,28846.0,,,,,2019-07-04T10:33:21,,,,,,,,,Saxifragaceae,,,,Heuchera,,,,,,,,,,iNaturalist,,,Plantae,,,,,,,,,,,,,,,,https://www.inaturalist.org/observations/29363124,Saxifragales,Tracheophyta,,,,Heuchera caespitosa Eastw.,caespitosa,,California,77402,ACCEPTED,SPECIES,,,2019-07-04 10:33:21 AM PDT,"Los Angeles County, US-CA, US",,,Heuchera caespitosa eastw.,-118.014471,34.385945
,,PRESERVED_SPECIMEN,,,RSA0195981,Magnoliopsida,RSA,3818e1d3-b6a4-11e8-b408-001a64db2964,,R. G. Swinney,,,,100.0,,,Los Angeles,,2015-06-30T00:00:00,,,,,,,,,Saxifragaceae,,,,Heuchera,,,,,,Organism|Plantae|Viridiplantae|Streptophyta|Embryophyta|Tracheophyta|Spermatophytina|Magnoliopsida|Myrothamnanae|Saxifragales|Saxifragaceae|Heuchera,,,,RSA,,,Plantae,,,,,,,"San Gabriel Mountains: Sunset Peak summit, just NE of San Dimas Experimental Forest.; Mount Baldy 7.5'",,,,,,,,,dde66e03-9097-4a1c-9574-570b60c89d3e,Saxifragales,Tracheophyta,,17384,,Heuchera caespitosa Eastw.,caespitosa,181,California,22954,ACCEPTED,SPECIES,,,30 Jun 2015,,,,Heuchera caespitosa eastw.,-117.689444,34.216667
,,PRESERVED_SPECIMEN,,,SFV113316,Magnoliopsida,,f62b4819-3195-4053-a2dc-07431438f3e6,,B. C. Templeton,,,,1000.0,,,Los Angeles,,1961-03-17T00:00:00,,,,,,,,,Saxifragaceae,,,,Heuchera,,,,,,Organism|Plantae|Viridiplantae|Streptophyta|Embryophyta|Tracheophyta|Spermatophytina|Magnoliopsida|Myrothamnanae|Saxifragales|Saxifragaceae|Heuchera,,,,SFV,,,Plantae,,,,,,,San Gabriel Valley; Claremont. Rancho Santa Ana Botanical Garden.,,,,,,,,,d942d7ef-5b60-4a49-8f82-154b947c9513,Saxifragales,Tracheophyta,,9047,,Heuchera caespitosa Eastw.,caespitosa,76,California,22954,ACCEPTED,SPECIES,,,17 Mar 1961,,,,Heuchera caespitosa eastw.,-117.71,34.11
,,PRESERVED_SPECIMEN,,,SFV113314,Magnoliopsida,,f62b4819-3195-4053-a2dc-07431438f3e6,,W. M. Perry,,,,500.0,,,Los Angeles,,1980-08-15T00:00:00,,,,,,,,,Saxifragaceae,,,,Heuchera,,,,,,Organism|Plantae|Viridiplantae|Streptophyta|Embryophyta|Tracheophyta|Spermatophytina|Magnoliopsida|Myrothamnanae|Saxifragales|Saxifragaceae|Heuchera,,,,SFV,,,Plantae,,,,,,,San Gabriel Mountains; Mount Baldy.,,,,,,,,,ed27c216-3cb8-49e3-bd43-0fb01d90e3f8,Saxifragales,Tracheophyta,,106,,Heuchera caespitosa Eastw.,caespitosa,228,California,22954,ACCEPTED,SPECIES,,,15 Aug 1980,,,,Heuchera caespitosa eastw.,-117.646742,34.288723
,,PRESERVED_SPECIMEN,,,SFV113315,Magnoliopsida,,f62b4819-3195-4053-a2dc-07431438f3e6,,M. H. Grayum,,,,100.0,,,Los Angeles,,1971-07-09T00:00:00,,,,,,,,,Saxifragaceae,,,,Heuchera,,,,,,Organism|Plantae|Viridiplantae|Streptophyta|Embryophyta|Tracheophyta|Spermatophytina|Magnoliopsida|Myrothamnanae|Saxifragales|Saxifragaceae|Heuchera,,,,SFV,,,Plantae,,,,,,,"San Gabriel Mountains; Cortelyou Spring, just east of Islip Saddle.",,,,,,,,,33ac7c8c-108f-46a0-ae56-2e56e3f99634,Saxifragales,Tracheophyta,,s. n.,,Heuchera caespitosa Eastw.,caespitosa,190,California,22954,ACCEPTED,SPECIES,,,9 Jul 1971,,,,Heuchera caespitosa eastw.,-117.843,34.356
,,PRESERVED_SPECIMEN,,,SFV113313,Magnoliopsida,,f62b4819-3195-4053-a2dc-07431438f3e6,,anon.,,,,10000.0,,,Los Angeles,,1992-05-25T00:00:00,,,,,,,,,Saxifragaceae,,,,Heuchera,,,,,,Organism|Plantae|Viridiplantae|Streptophyta|Embryophyta|Tracheophyta|Spermatophytina|Magnoliopsida|Myrothamnanae|Saxifragales|Saxifragaceae|Heuchera,,,,SFV,,,Plantae,,,,,,,San Gabriel Mountains; Road up to Mount Wilson from Red Box.,,,,,,,,,c6a6abc1-abc1-41f6-8317-2f20e82d726b,Saxifragales,Tracheophyta,,,,Heuchera caespitosa Eastw.,caespitosa,146,California,22954,ACCEPTED,SPECIES,,,25 May 1992,,,,Heuchera caespitosa eastw.,-118.1,34.2
,,PRESERVED_SPECIMEN,,,RSA0045441,Magnoliopsida,RSA,3818e1d3-b6a4-11e8-b408-001a64db2964,,Wendy Boes; Andrew S. Wheeler,,,,,,,Los Angeles,,2009-06-21T00:00:00,,,,,,,,,Saxifragaceae,,,,Heuchera,,,,,,Organism|Plantae|Viridiplantae|Streptophyta|Embryophyta|Tracheophyta|Spermatophytina|Magnoliopsida|Myrothamnanae|Saxifragales|Saxifragaceae|Heuchera,,,,RSA,,,Plantae,,,,,,,"USFSSan Gabriel Mountains; Sunset Peak, Forest Service RD 2N07.2",,,,,,,,,04cf8392-039a-43bf-84fd-6e977b99b7ce,Saxifragales,Tracheophyta,,2009-020,,Heuchera caespitosa Eastw.,caespitosa,172,California,22954,ACCEPTED,SPECIES,,,"June 21, 2009",,,,Heuchera caespitosa eastw.,-117.68990500000001,34.216105999122284
,,PRESERVED_SPECIMEN,,,RSA0066356,Magnoliopsida,RSA,3818e1d3-b6a4-11e8-b408-001a64db2964,,Clare B. Hardham,,,,1000.0,,,Ventura,,1962-06-11T00:00:00,,,,,,,,,Saxifragaceae,,,,Heuchera,,,,,,Organism|Plantae|Viridiplantae|Streptophyta|Embryophyta|Tracheophyta|Spermatophytina|Magnoliopsida|Myrothamnanae|Saxifragales|Saxifragaceae|Heuchera,,,,RSA,,,Plantae,,,,,,,"Near waterfalls, Rose Lake.",,,,,,,,,ec2714d4-1fba-4b8d-b689-40c9bd275f6b,Saxifragales,Tracheophyta,,10333,,Heuchera caespitosa Eastw.,caespitosa,162,California,22954,ACCEPTED,SPECIES,,,,,,,Heuchera caespitosa eastw.,-119.1799,34.526
,,PRESERVED_SPECIMEN,,,RSA0025495,Magnoliopsida,RSA,3818e1d3-b6a4-11e8-b408-001a64db2964,,Duncan S. Bell; Caitlin Elam,,,,,,,Los Angeles,,2013-08-01T00:00:00,,,,,,,,,Saxifragaceae,,,,Heuchera,,,,,,Organism|Plantae|Viridiplantae|Streptophyta|Embryophyta|Tracheophyta|Spermatophytina|Magnoliopsida|Myrothamnanae|Saxifragales|Saxifragaceae|Heuchera,,,,RSA,,,Plantae,,,,,,,Angeles National ForestSheep Mountain Wilderness; south side of Prairie Fork; Pine Mountain Ridge; above Columbine Spring.; Mount San Antonio,,,,,,,,,9adde047-3184-4ffb-a58c-7a861a5a6030,Saxifragales,Tracheophyta,,5546,,Heuchera caespitosa Eastw.,caespitosa,213,California,22954,ACCEPTED,SPECIES,,,,,,,Heuchera caespitosa eastw.,-117.67025999999998,34.32233999912099
,,PRESERVED_SPECIMEN,,,RSA0021020,Magnoliopsida,RSA,3818e1d3-b6a4-11e8-b408-001a64db2964,,Duncan S. Bell; Caitlin Elam,,,,,,,Los Angeles,,2013-07-11T00:00:00,,,,,,,,,Saxifragaceae,,,,Heuchera,,,,,,Organism|Plantae|Viridiplantae|Streptophyta|Embryophyta|Tracheophyta|Spermatophytina|Magnoliopsida|Myrothamnanae|Saxifragales|Saxifragaceae|Heuchera,,,,RSA,,,Plantae,,,,,,,Angeles National ForestSheep Mountain Wilderness; eastern flanks of Mount Baden-Powell; collecting on a trail above Vincent Gulch.; Mount San Antonio,,,,,,,,,988a81a7-5857-4930-a7c3-cd980aeedc26,Saxifragales,Tracheophyta,,5367,,Heuchera caespitosa Eastw.,caespitosa,192,California,22954,ACCEPTED,SPECIES,,,,,,,Heuchera caespitosa eastw.,-117.74422000000001,34.362039999120526
,,PRESERVED_SPECIMEN,,,RSA0045495,Magnoliopsida,RSA,3818e1d3-b6a4-11e8-b408-001a64db2964,,Wendy Boes; Andrew Wheeler,,,,,,,Los Angeles,,2009-06-22T00:00:00,,,,,,,,,Saxifragaceae,,,,Heuchera,,,,,,Organism|Plantae|Viridiplantae|Streptophyta|Embryophyta|Tracheophyta|Spermatophytina|Magnoliopsida|Myrothamnanae|Saxifragales|Saxifragaceae|Heuchera,,,,RSA,,,Plantae,,,,,,,"USFSSan Gabriel Mountains; Crystal Lake recreation area, Forest Service RD 3N09.2.",,,,,,,,,9082a929-e3ea-47ce-a844-d320e04f06ad,Saxifragales,Tracheophyta,,2009-030,,Heuchera caespitosa Eastw.,caespitosa,173,California,22954,ACCEPTED,SPECIES,,,"June 22, 2009",,,,Heuchera caespitosa eastw.,-117.842358,34.31569799912108
,,PRESERVED_SPECIMEN,,,RSA0045438,Magnoliopsida,RSA,3818e1d3-b6a4-11e8-b408-001a64db2964,,Wendy Boes; Andrew S. Wheeler,,,,,,,Los Angeles,,2009-06-22T00:00:00,,,,,,,,,Saxifragaceae,,,,Heuchera,,,,,,Organism|Plantae|Viridiplantae|Streptophyta|Embryophyta|Tracheophyta|Spermatophytina|Magnoliopsida|Myrothamnanae|Saxifragales|Saxifragaceae|Heuchera,,,,RSA,,,Plantae,,,,,,,"USFSSan Gabriel Mountains; Crystal Lake recreation area, Forest Service trail 9W27",,,,,,,,,8ea641e9-c733-4279-bb03-4f60edc07f3c,Saxifragales,Tracheophyta,,2009-026,,Heuchera caespitosa Eastw.,caespitosa,173,California,22954,ACCEPTED,SPECIES,,,"June 22, 2009",,,,Heuchera caespitosa eastw.,-117.84700699999999,34.317631999121055
,,PRESERVED_SPECIMEN,,,UCR0048377,Magnoliopsida,,3818c5b4-b6a4-11e8-b408-001a64db2964,,R.G. Swinney,,,,,,,Los Angeles,,2015-06-30T00:00:00,,,,,,,,,Saxifragaceae,,,,Heuchera,,,,,,Organism|Plantae|Viridiplantae|Streptophyta|Embryophyta|Tracheophyta|Spermatophytina|Magnoliopsida|Myrothamnanae|Saxifragales|Saxifragaceae|Heuchera,,,,UCR,,,Plantae,,,,,,,"Sunset Peak summit, just NE of San Dimas Experimental Forest",,,,,,,,,UCR-BPS-289356,Saxifragales,Tracheophyta,,17384,,Heuchera cespitosa Eastw.,cespitosa,181,California,22957,SYNONYM,SPECIES,,,2015-6-30,,,,Heuchera caespitosa eastw.,-117.68944,34.21667
,,PRESERVED_SPECIMEN,,,UCR0048362,Magnoliopsida,,3818c5b4-b6a4-11e8-b408-001a64db2964,,"Tim Thomas; P.J. MacKay, David Clendenen",,,,,,,Kern,,1998-11-07T00:00:00,,,,,,,,,Saxifragaceae,,,,Heuchera,,,,,,Organism|Plantae|Viridiplantae|Streptophyta|Embryophyta|Tracheophyta|Spermatophytina|Magnoliopsida|Myrothamnanae|Saxifragales|Saxifragaceae|Heuchera,,,,UCR,,,Plantae,,,,,,,"San Emigdio Ranch, upper Tecuya Canyon, in narrows",,,,,,,,,UCR-BPS-284908,Saxifragales,Tracheophyta,,2263,,Heuchera caespitosa Eastw.,caespitosa,311,California,22954,ACCEPTED,SPECIES,,,1998-11-7,,,,Heuchera caespitosa eastw.,-118.94639,34.8615
,,PRESERVED_SPECIMEN,,,UCR0048368,Magnoliopsida,,3818c5b4-b6a4-11e8-b408-001a64db2964,,R.G. Swinney,,,,,,,Los Angeles,,2011-06-20T00:00:00,,,,,,,,,Saxifragaceae,,,,Heuchera,,,,,,Organism|Plantae|Viridiplantae|Streptophyta|Embryophyta|Tracheophyta|Spermatophytina|Magnoliopsida|Myrothamnanae|Saxifragales|Saxifragaceae|Heuchera,,,,UCR,,,Plantae,,,,,,,"southeast margin of Crystal Lake, 10-30 meters from water line",,,,,,,,,UCR-BPS-271966,Saxifragales,Tracheophyta,,15213,,Heuchera caespitosa Eastw.,caespitosa,171,California,22954,ACCEPTED,SPECIES,,,2011-6-20,,,,Heuchera caespitosa eastw.,-117.84806,34.31833
,,PRESERVED_SPECIMEN,,,UCR0048378,Magnoliopsida,,3818c5b4-b6a4-11e8-b408-001a64db2964,,Anuja Parikh; Nathan Gale,,,,,,,Los Angeles,,2010-06-29T00:00:00,,,,,,,,,Saxifragaceae,,,,Heuchera,,,,,,Organism|Plantae|Viridiplantae|Streptophyta|Embryophyta|Tracheophyta|Spermatophytina|Magnoliopsida|Myrothamnanae|Saxifragales|Saxifragaceae|Heuchera,,,,UCR,,,Plantae,,,,,,,"upper Glen Canyon, 0.5 km north of Monrovia Peak, just south of Rincon Red Box Road, under powerlines",,,,,,,,,UCR-BPS-238650,Saxifragales,Tracheophyta,,3370,,Heuchera caespitosa Eastw.,caespitosa,180,California,22954,ACCEPTED,SPECIES,,,2010-6-29,,,,Heuchera caespitosa eastw.,-117.969,34.21781
,,PRESERVED_SPECIMEN,,,UCR0048369,Magnoliopsida,,3818c5b4-b6a4-11e8-b408-001a64db2964,,Mark A. Elvin; Orlando Mistretta,,,,,,,Los Angeles,,1995-09-15T00:00:00,,,,,,,,,Saxifragaceae,,,,Heuchera,,,,,,Organism|Plantae|Viridiplantae|Streptophyta|Embryophyta|Tracheophyta|Spermatophytina|Magnoliopsida|Myrothamnanae|Saxifragales|Saxifragaceae|Heuchera,,,,UCR,,,Plantae,,,,,,,Glendora Saddle up trail to Lookout Mountain,,,,,,,,,UCR-BPS-204193,Saxifragales,Tracheophyta,,100,,Heuchera caespitosa Eastw.,caespitosa,258,California,22954,ACCEPTED,SPECIES,,,1995-9-15,,,,Heuchera caespitosa eastw.,-117.67175,34.23358
,,PRESERVED_SPECIMEN,,,UCR0048373,Magnoliopsida,,3818c5b4-b6a4-11e8-b408-001a64db2964,,Naomi Fraga; Elizabeth A. Kempton,,,,,,,Los Angeles,,2008-07-02T00:00:00,,,,,,,,,Saxifragaceae,,,,Heuchera,,,,,,Organism|Plantae|Viridiplantae|Streptophyta|Embryophyta|Tracheophyta|Spermatophytina|Magnoliopsida|Myrothamnanae|Saxifragales|Saxifragaceae|Heuchera,,,,UCR,,,Plantae,,,,,,,north slope of Mount Islip from Little Jimmy Campground to the summit,,,,,,,,,UCR-BPS-204261,Saxifragales,Tracheophyta,,2304,,Heuchera caespitosa Eastw.,caespitosa,184,California,22954,ACCEPTED,SPECIES,,,2008-7-2,,,,Heuchera caespitosa eastw.,-117.82978,34.34658
,,PRESERVED_SPECIMEN,,,UCR0048365,Magnoliopsida,,3818c5b4-b6a4-11e8-b408-001a64db2964,,R.G. Swinney,,,,,,,Los Angeles,,1998-07-28T00:00:00,,,,,,,,,Saxifragaceae,,,,Heuchera,,,,,,Organism|Plantae|Viridiplantae|Streptophyta|Embryophyta|Tracheophyta|Spermatophytina|Magnoliopsida|Myrothamnanae|Saxifragales|Saxifragaceae|Heuchera,,,,UCR,,,Plantae,,,,,,,"south fork of Cow Canyon at and above Fallen Leaf Spring, to 0.2 mi. south of Glendora Ridge Rd.",,,,,,,,,UCR-BPS-194006,Saxifragales,Tracheophyta,,6517,,Heuchera caespitosa Eastw.,caespitosa,209,California,22954,ACCEPTED,SPECIES,,,1998-7-28,,,,Heuchera caespitosa eastw.,-117.69806,34.2175
,,PRESERVED_SPECIMEN,,,UCR0048366,Magnoliopsida,,3818c5b4-b6a4-11e8-b408-001a64db2964,,R.G. Swinney,,,,,,,Los Angeles,,1998-07-29T00:00:00,,,,,,,,,Saxifragaceae,,,,Heuchera,,,,,,Organism|Plantae|Viridiplantae|Streptophyta|Embryophyta|Tracheophyta|Spermatophytina|Magnoliopsida|Myrothamnanae|Saxifragales|Saxifragaceae|Heuchera,,,,UCR,,,Plantae,,,,,,,c. 100 m downstream from Upper Fish Fork Campground,,,,,,,,,UCR-BPS-194185,Saxifragales,Tracheophyta,,6546,,Heuchera caespitosa Eastw.,caespitosa,210,California,22954,ACCEPTED,SPECIES,,,1998-7-29,,,,Heuchera caespitosa eastw.,-117.67472,34.305
,,PRESERVED_SPECIMEN,,,UCR0048367,Magnoliopsida,,3818c5b4-b6a4-11e8-b408-001a64db2964,,R.G. Swinney,,,,,,,Los Angeles,,1998-08-13T00:00:00,,,,,,,,,Saxifragaceae,,,,Heuchera,,,,,,Organism|Plantae|Viridiplantae|Streptophyta|Embryophyta|Tracheophyta|Spermatophytina|Magnoliopsida|Myrothamnanae|Saxifragales|Saxifragaceae|Heuchera,,,,UCR,,,Plantae,,,,,,,summit of Iron Mountain,,,,,,,,,UCR-BPS-194570,Saxifragales,Tracheophyta,,6740,,Heuchera caespitosa Eastw.,caespitosa,225,California,22954,ACCEPTED,SPECIES,,,1998-8-13,,,,Heuchera caespitosa eastw.,-117.71333,34.28833
,,PRESERVED_SPECIMEN,,,UCR0048364,Magnoliopsida,,3818c5b4-b6a4-11e8-b408-001a64db2964,,R.G. Swinney,,,,,,,Los Angeles,,1998-10-03T00:00:00,,,,,,,,,Saxifragaceae,,,,Heuchera,,,,,,Organism|Plantae|Viridiplantae|Streptophyta|Embryophyta|Tracheophyta|Spermatophytina|Magnoliopsida|Myrothamnanae|Saxifragales|Saxifragaceae|Heuchera,,,,UCR,,,Plantae,,,,,,,"upper Fish Fork San Gabriel River, c. 1 mile east (upstream) from Upper Fish Fork Campground",,,,,,,,,UCR-BPS-190059,Saxifragales,Tracheophyta,,7019,,Heuchera caespitosa Eastw.,caespitosa,276,California,22954,ACCEPTED,SPECIES,,,1998-10-3,,,,Heuchera caespitosa eastw.,-117.66917,34.30167
,,PRESERVED_SPECIMEN,,,UCR0048363,Magnoliopsida,,3818c5b4-b6a4-11e8-b408-001a64db2964,,R.G. Swinney,,,,,,,Los Angeles,,1998-10-03T00:00:00,,,,,,,,,Saxifragaceae,,,,Heuchera,,,,,,Organism|Plantae|Viridiplantae|Streptophyta|Embryophyta|Tracheophyta|Spermatophytina|Magnoliopsida|Myrothamnanae|Saxifragales|Saxifragaceae|Heuchera,,,,UCR,,,Plantae,,,,,,,"upper Fish Fork San Gabriel River, c. 1/2 mile east (upstream) from Upper Fish Fork Campground, tributary from N side of San Antonio Ridge",,,,,,,,,UCR-BPS-190045,Saxifragales,Tracheophyta,,6995,,Heuchera caespitosa Eastw.,caespitosa,276,California,22954,ACCEPTED,SPECIES,,,1998-10-3,,,,Heuchera caespitosa eastw.,-117.67417,34.29944
,,PRESERVED_SPECIMEN,,,UCR0048371,Magnoliopsida,,3818c5b4-b6a4-11e8-b408-001a64db2964,,R.G. Swinney,,,,,,,Los Angeles,,1998-06-16T00:00:00,,,,,,,,,Saxifragaceae,,,,Heuchera,,,,,,Organism|Plantae|Viridiplantae|Streptophyta|Embryophyta|Tracheophyta|Spermatophytina|Magnoliopsida|Myrothamnanae|Saxifragales|Saxifragaceae|Heuchera,,,,UCR,,,Plantae,,,,,,,c. 0.6 mi. north of Cow Canyon Saddle (Glendora Ridge Rd. at Cow Canyon Rd.) near trail to Lookout (Antonio) Mtn.,,,,,,,,,UCR-BPS-190005,Saxifragales,Tracheophyta,,6976,,Heuchera caespitosa Eastw.,caespitosa,167,California,22954,ACCEPTED,SPECIES,,,1998-6-16,,,,Heuchera caespitosa eastw.,-117.67139,34.23389
,,PRESERVED_SPECIMEN,,,UCR0048370,Magnoliopsida,,3818c5b4-b6a4-11e8-b408-001a64db2964,,R.G. Swinney,,,,,,,San Bernardino,,1994-04-30T00:00:00,,,,,,,,,Saxifragaceae,,,,Heuchera,,,,,,Organism|Plantae|Viridiplantae|Streptophyta|Embryophyta|Tracheophyta|Spermatophytina|Magnoliopsida|Myrothamnanae|Saxifragales|Saxifragaceae|Heuchera,,,,UCR,,,Plantae,,,,,,,"west fork Stoddard Canyon, c. 550 m east of Stoddard Flats and 85 m NE of Cucamonga Truck Trail (FS Road 1N35)",,,,,,,,,UCR-BPS-182472,Saxifragales,Tracheophyta,,2814,,Heuchera caespitosa Eastw.,caespitosa,120,California,22954,ACCEPTED,SPECIES,,,1994-4-30,,,,Heuchera caespitosa eastw.,-117.65778,34.19972
,,PRESERVED_SPECIMEN,,,UCR0048374,Magnoliopsida,,3818c5b4-b6a4-11e8-b408-001a64db2964,,R.G. Swinney,,,,,,,Los Angeles,,1997-04-25T00:00:00,,,,,,,,,Saxifragaceae,,,,Heuchera,,,,,,Organism|Plantae|Viridiplantae|Streptophyta|Embryophyta|Tracheophyta|Spermatophytina|Magnoliopsida|Myrothamnanae|Saxifragales|Saxifragaceae|Heuchera,,,,UCR,,,Plantae,,,,,,,"at peak of Iron Mountain, 4-5 air miles NW of Mt. Baldy village",,,,,,,,,UCR-BPS-181109,Saxifragales,Tracheophyta,,5508,,Heuchera caespitosa Eastw.,caespitosa,115,California,22954,ACCEPTED,SPECIES,,,1997-4-25,,,,Heuchera caespitosa eastw.,-117.71222,34.28833
,,PRESERVED_SPECIMEN,,,UCR0048383,Magnoliopsida,,3818c5b4-b6a4-11e8-b408-001a64db2964,,R.G. Swinney,,,,,,,San Bernardino,,1997-08-07T00:00:00,,,,,,,,,Saxifragaceae,,,,Heuchera,,,,,,Organism|Plantae|Viridiplantae|Streptophyta|Embryophyta|Tracheophyta|Spermatophytina|Magnoliopsida|Myrothamnanae|Saxifragales|Saxifragaceae|Heuchera,,,,UCR,,,Plantae,,,,,,,"west fork of Grizzly Gulch, a tributary from the west of North Fork Lytle Creek, 2 mi. due east of Mt. Baldy Notch",,,,,,,,,UCR-BPS-182234,Saxifragales,Tracheophyta,,5791,,Heuchera caespitosa Eastw.,caespitosa,219,California,22954,ACCEPTED,SPECIES,,,1997-8-7,,,,Heuchera caespitosa eastw.,-117.57306,34.27417
,,PRESERVED_SPECIMEN,,,UCR0048375,Magnoliopsida,,3818c5b4-b6a4-11e8-b408-001a64db2964,,June Latting,,,,,,,Los Angeles,,,,,,,,,,,Saxifragaceae,,,,Heuchera,,,,,,Organism|Plantae|Viridiplantae|Streptophyta|Embryophyta|Tracheophyta|Spermatophytina|Magnoliopsida|Myrothamnanae|Saxifragales|Saxifragaceae|Heuchera,,,,UCR,,,Plantae,,,,,,,Mt. Wilson Road,,,,,,,,,UCR-BPS-131464,Saxifragales,Tracheophyta,,s.n.,,Heuchera caespitosa Eastw.,caespitosa,,California,22954,ACCEPTED,SPECIES,,,1977-6,,,,Heuchera caespitosa eastw.,-118.05778,34.225
,,PRESERVED_SPECIMEN,,,UCR0048376,Magnoliopsida,,3818c5b4-b6a4-11e8-b408-001a64db2964,,Frank W. Peirson,,,,,,,Los Angeles,,1924-05-27T00:00:00,,,,,,,,,Saxifragaceae,,,,Heuchera,,,,,,Organism|Plantae|Viridiplantae|Streptophyta|Embryophyta|Tracheophyta|Spermatophytina|Magnoliopsida|Myrothamnanae|Saxifragales|Saxifragaceae|Heuchera,,,,UCR,,,Plantae,,,,,,,"north slope, Strawberry Peak",,,,,,,,,UCR-BPS-129355,Saxifragales,Tracheophyta,,4639,,Heuchera caespitosa Eastw.,caespitosa,148,California,22954,ACCEPTED,SPECIES,,,1924-5-27,,,,Heuchera caespitosa eastw.,-118.12056,34.28472
,,PRESERVED_SPECIMEN,,,UCR0048493,Magnoliopsida,,3818c5b4-b6a4-11e8-b408-001a64db2964,,R.G. Swinney,,,,,,,San Bernardino,,1996-06-18T00:00:00,,,,,,,,,Saxifragaceae,,,,Heuchera,,,,,,Organism|Plantae|Viridiplantae|Streptophyta|Embryophyta|Tracheophyta|Spermatophytina|Magnoliopsida|Myrothamnanae|Saxifragales|Saxifragaceae|Heuchera,,,,UCR,,,Plantae,,,,,,,"Cherry Canyon Flats, at southwest base of Sugarloaf Peak",,,,,,,,,UCR-BPS-115419,Saxifragales,Tracheophyta,,4966,,Heuchera caespitosa Eastw.,caespitosa,170,California,22954,ACCEPTED,SPECIES,,,1996-6-18,,,,Heuchera caespitosa eastw.,-117.64333,34.23639
,,PRESERVED_SPECIMEN,,,UCR0048381,Magnoliopsida,,3818c5b4-b6a4-11e8-b408-001a64db2964,,I.M. Johnston,,,,,,,San Bernardino,,1917-07-30T00:00:00,,,,,,,,,Saxifragaceae,,,,Heuchera,,,,,,Organism|Plantae|Viridiplantae|Streptophyta|Embryophyta|Tracheophyta|Spermatophytina|Magnoliopsida|Myrothamnanae|Saxifragales|Saxifragaceae|Heuchera,,,,UCR,,,Plantae,,,,,,,Cucamonga Peak,,,,,,,,,UCR-BPS-70831,Saxifragales,Tracheophyta,,1559,,Heuchera caespitosa Eastw.,caespitosa,211,California,22954,ACCEPTED,SPECIES,,,1917-7-30,,,,Heuchera caespitosa eastw.,-117.58389,34.22306
,,PRESERVED_SPECIMEN,,,UCR0048382,Magnoliopsida,,3818c5b4-b6a4-11e8-b408-001a64db2964,,R.G. Swinney,,,,,,,San Bernardino,,1994-06-20T00:00:00,,,,,,,,,Saxifragaceae,,,,Heuchera,,,,,,Organism|Plantae|Viridiplantae|Streptophyta|Embryophyta|Tracheophyta|Spermatophytina|Magnoliopsida|Myrothamnanae|Saxifragales|Saxifragaceae|Heuchera,,,,UCR,,,Plantae,,,,,,,"South Fork Lytle Creek, in tributary to S Fork, at about 0.25 mile west of Bonita Falls Canyon, c. 0.5 mile upstream in the tributary, at a large waterfall",,,,,,,,,UCR-BPS-100480,Saxifragales,Tracheophyta,,2951,,Heuchera caespitosa Eastw.,caespitosa,171,California,22954,ACCEPTED,SPECIES,,,1994-6-20,,,,Heuchera caespitosa eastw.,-117.50972,34.22833
,,PRESERVED_SPECIMEN,,,UCR0048384,Magnoliopsida,,3818c5b4-b6a4-11e8-b408-001a64db2964,,R.G. Swinney,,,,,,,San Bernardino,,1994-06-28T00:00:00,,,,,,,,,Saxifragaceae,,,,Heuchera,,,,,,Organism|Plantae|Viridiplantae|Streptophyta|Embryophyta|Tracheophyta|Spermatophytina|Magnoliopsida|Myrothamnanae|Saxifragales|Saxifragaceae|Heuchera,,,,UCR,,,Plantae,,,,,,,"west fork of tributary to Deer Canyon, first major tributary to Deer Canyon, north of Fan Canyon; c. 100 m north of USFS Rd #1N34 (Big Tree Truck Road)",,,,,,,,,UCR-BPS-87405,Saxifragales,Tracheophyta,,3000,,Heuchera caespitosa Eastw.,caespitosa,179,California,22954,ACCEPTED,SPECIES,,,1994-6-28,,,,Heuchera caespitosa eastw.,-117.57722,34.20167
,,PRESERVED_SPECIMEN,,,UCR0048504,Magnoliopsida,,3818c5b4-b6a4-11e8-b408-001a64db2964,,Fordyce Grinnell Jr,,,,,,,Los Angeles,,,,,,,,,,,Saxifragaceae,,,,Heuchera,,,,,,Organism|Plantae|Viridiplantae|Streptophyta|Embryophyta|Tracheophyta|Spermatophytina|Magnoliopsida|Myrothamnanae|Saxifragales|Saxifragaceae|Heuchera,,,,UCR,,,Plantae,,,,,,,Mt. Wilson,,,,,,,,,UCR-BPS-70857,Saxifragales,Tracheophyta,,s.n.,,Heuchera caespitosa Eastw.,caespitosa,,California,22954,ACCEPTED,SPECIES,,,1911-8,,,,Heuchera caespitosa eastw.,-118.05917,34.22397
,,PRESERVED_SPECIMEN,,,UCR0048379,Magnoliopsida,,3818c5b4-b6a4-11e8-b408-001a64db2964,,R.G. Swinney,,,,,,,San Bernardino,,1996-07-09T00:00:00,,,,,,,,,Saxifragaceae,,,,Heuchera,,,,,,Organism|Plantae|Viridiplantae|Streptophyta|Embryophyta|Tracheophyta|Spermatophytina|Magnoliopsida|Myrothamnanae|Saxifragales|Saxifragaceae|Heuchera,,,,UCR,,,Plantae,,,,,,,"Sugarloaf Peak, east and west summits and saddle between, south of Icehouse Canyon parking area",,,,,,,,,UCR-BPS-115418,Saxifragales,Tracheophyta,,5040,,Heuchera caespitosa Eastw.,caespitosa,191,California,22954,ACCEPTED,SPECIES,,,1996-7-9,,,,Heuchera caespitosa eastw.,-117.63417,34.24194
,,PRESERVED_SPECIMEN,,,UCR0048372,Magnoliopsida,,3818c5b4-b6a4-11e8-b408-001a64db2964,,R.G. Swinney,,,,,,,San Bernardino,,1994-07-08T00:00:00,,,,,,,,,Saxifragaceae,,,,Heuchera,,,,,,Organism|Plantae|Viridiplantae|Streptophyta|Embryophyta|Tracheophyta|Spermatophytina|Magnoliopsida|Myrothamnanae|Saxifragales|Saxifragaceae|Heuchera,,,,UCR,,,Plantae,,,,,,,"Cucamonga Wilderness, Chapman Trail",,,,,,,,,UCR-BPS-99620,Saxifragales,Tracheophyta,,3056,,Heuchera caespitosa Eastw.,caespitosa,189,California,22954,ACCEPTED,SPECIES,,,1994-7-8,,,,Heuchera caespitosa eastw.,-117.60472,34.24528
,,PRESERVED_SPECIMEN,,,UCR0048385,Magnoliopsida,,3818c5b4-b6a4-11e8-b408-001a64db2964,,R.G. Swinney,,,,,,,San Bernardino,,1994-07-22T00:00:00,,,,,,,,,Saxifragaceae,,,,Heuchera,,,,,,Organism|Plantae|Viridiplantae|Streptophyta|Embryophyta|Tracheophyta|Spermatophytina|Magnoliopsida|Myrothamnanae|Saxifragales|Saxifragaceae|Heuchera,,,,UCR,,,Plantae,,,,,,,"Lost Creek Canyon, tributary to Icehouse Canyon, east of Sheep Flat, west of Shortcut Ridge",,,,,,,,,UCR-BPS-99621,Saxifragales,Tracheophyta,,3082,,Heuchera caespitosa Eastw.,caespitosa,203,California,22954,ACCEPTED,SPECIES,,,1994-7-22,,,,Heuchera caespitosa eastw.,-117.61056,34.24389
,,PRESERVED_SPECIMEN,,,UCR0048380,Magnoliopsida,,3818c5b4-b6a4-11e8-b408-001a64db2964,,R.G. Swinney,,,,,,,San Bernardino,,1995-07-14T00:00:00,,,,,,,,,Saxifragaceae,,,,Heuchera,,,,,,Organism|Plantae|Viridiplantae|Streptophyta|Embryophyta|Tracheophyta|Spermatophytina|Magnoliopsida|Myrothamnanae|Saxifragales|Saxifragaceae|Heuchera,,,,UCR,,,Plantae,,,,,,,"Thunder Mountain Ridge, west of Thunder Mountain Peak; San Gabriel Mtns.",,,,,,,,,UCR-BPS-102180,Saxifragales,Tracheophyta,,4234,,Heuchera caespitosa Eastw.,caespitosa,195,California,22954,ACCEPTED,SPECIES,,,1995-7-14,,,,Heuchera caespitosa eastw.,-117.61222,34.26417
,,PRESERVED_SPECIMEN,,,DAV395250,Magnoliopsida,,cc54a5fd-2e20-4ea6-8871-b2af436d9de3,,R.G. Swinney,,,,1000.0,,,Los Angeles County,,1998-07-28T00:00:00,,,,,,,,,Saxifragaceae,,,,Heuchera,,,,,,Organism|Plantae|Viridiplantae|Streptophyta|Embryophyta|Tracheophyta|Spermatophytina|Magnoliopsida|Myrothamnanae|Saxifragales|Saxifragaceae|Heuchera,,,,DAV,,,Plantae,,,,,,,"Los Angeles County: San Gabriel Mtns., south fork of Cow Canyon at and above Fallen Leaf Spring, to 0.2 mi. south of Glendora Ridge Rd.",,,,,,,,,ce9e165a-6ed0-41a5-bf48-fda8ce60e286,Saxifragales,Tracheophyta,,6517,,Heuchera caespitosa Eastw.,caespitosa,209,California,22954,ACCEPTED,SPECIES,,,28 Jul 1998,,,,Heuchera caespitosa eastw.,-117.69806,34.2175
,,PRESERVED_SPECIMEN,,,DAV395251,Magnoliopsida,,cc54a5fd-2e20-4ea6-8871-b2af436d9de3,,R.G. Swinney,,,,1000.0,,,Los Angeles County,,1998-08-13T00:00:00,,,,,,,,,Saxifragaceae,,,,Heuchera,,,,,,Organism|Plantae|Viridiplantae|Streptophyta|Embryophyta|Tracheophyta|Spermatophytina|Magnoliopsida|Myrothamnanae|Saxifragales|Saxifragaceae|Heuchera,,,,DAV,,,Plantae,,,,,,,"Los Angeles County: San Gabriel Mtns., summit of Iron Mountain.",,,,,,,,,fff00025-717f-4c73-8c72-f2e4de09f3b9,Saxifragales,Tracheophyta,,6740,,Heuchera caespitosa Eastw.,caespitosa,225,California,22954,ACCEPTED,SPECIES,,,13 Aug 1998,,,,Heuchera caespitosa eastw.,-117.71333,34.28833
,,HUMAN_OBSERVATION,,,27883452,Magnoliopsida,Observations,,,Diane Etchison,,,,28846.0,,,,,2019-06-27T00:01:00,,,,,,,,,Saxifragaceae,,,,Heuchera,,,,,,,,,,iNaturalist,,,Plantae,,,,,,,,,,,,,,,,https://www.inaturalist.org/observations/27883452,Saxifragales,Tracheophyta,,,,Heuchera caespitosa Eastw.,caespitosa,,California,77402,ACCEPTED,SPECIES,,,2019/06/27 12:01 AM HST,"Los Angeles County, US-CA, US",,,Heuchera caespitosa eastw.,-117.960955,34.386875
,,PRESERVED_SPECIMEN,,,UCSB018352,Magnoliopsida,,f7e112f9-92c5-455c-a6c4-709b0f8d7f73,,"Parikh, Anuja; Capralis, D.",,,,2000.0,,,Kern,,1988-08-06T00:00:00,,,,,,,,,Saxifragaceae,,,,Heuchera,,,,,,Organism|Plantae|Viridiplantae|Streptophyta|Embryophyta|Tracheophyta|Spermatophytina|Magnoliopsida|Myrothamnanae|Saxifragales|Saxifragaceae|Heuchera,,,,UCSB,,,Plantae,,,,,,,Mt. Pinos,,,,,,,,,d65ae742-290e-4af9-992c-aaa7b96e6068,Saxifragales,Tracheophyta,,MP 76,,Heuchera caespitosa Eastw.,caespitosa,219,California,22954,ACCEPTED,SPECIES,,,,,,,Heuchera caespitosa eastw.,-119.145232,34.81291
,,HUMAN_OBSERVATION,,,3198305,Magnoliopsida,Observations,,,James Bailey,,,,28804.0,,,,,2016-05-15T14:25:00,,,,,,,,,Saxifragaceae,,,,Heuchera,,,,,,,,,,iNaturalist,,,Plantae,,,,,,,,,,,,,,,,http://www.inaturalist.org/observations/3198305,Saxifragales,Tracheophyta,,,,Heuchera caespitosa Eastw.,caespitosa,,California,77402,ACCEPTED,SPECIES,,,Sun May 15 2016 14:25 GMT-0700 (PDT),"Ventura County, US-CA, US",,,Heuchera caespitosa eastw.,-119.072345,34.524608
